{"schemaVersion":"1.0","appDefinitionTemplate":{"id":"/providers/Microsoft.PowerApps/apps/","type":"Microsoft.PowerApps/apps","tags":{"sp-site-id":"https://gtrailway.sharepoint.com/datahub","sp-list-id":"a6d46a5d-3c3e-40af-9461-02fadb6fb0ea","https://gtrailway.sharepoint.com/datahub":"a6d46a5d-3c3e-40af-9461-02fadb6fb0ea","primaryDeviceWidth":"640","primaryDeviceHeight":"1136","sienaVersion":"20210521T062917Z-3.21052.10.0","deviceCapabilities":"","supportsPortrait":"true","supportsLandscape":"false","primaryFormFactor":"Phone","publisherVersion":"3.21052.10","minimumRequiredApiVersion":"2.2.0","hasComponent":"false","hasUnlockedComponent":"false","isUnifiedRootApp":"false"},"properties":{"appVersion":"2021-05-21T06:29:17Z","lifeCycleId":"Published","createdByClientVersion":{"major":3,"minor":21052,"build":10,"revision":0,"majorRevision":0,"minorRevision":0},"minClientVersion":{"major":3,"minor":21052,"build":10,"revision":0,"majorRevision":0,"minorRevision":0},"backgroundColor":"rgba(0, 176, 240, 1)","backgroundImageUri":"/9130995113566014846/Ne9cad957-b9d1-40a0-829c-f2ae2d2d483f-logoSmallFile","displayName":"CleaningAppInput","description":"","commitMessage":"","appUris":{"documentUri":{"value":"/9130995113566014846/N8596b709-7abe-4ea6-aaf4-6d09f5c1e965-document.msapp"},"imageUris":[]},"createdTime":"0001-01-01T00:00:00Z","lastModifiedTime":"0001-01-01T00:00:00Z","sharedGroupsCount":0,"sharedUsersCount":0,"icons":{"smallIconUri":"/9130995113566014846/N052b4312-60e3-40d4-98f6-0bdc1d192333-small.png","mediumIconUri":"/9130995113566014846/N9ef88f92-ec3a-4f72-ab43-b90aa2c97b63-medium.png","largeIconUri":"/9130995113566014846/N74d8838a-6a33-475b-916f-ddead4809fe0-large.png","wideIconUri":"/9130995113566014846/Need4321e-ce20-4e83-b5e8-74c4df0b4364-wide.png"},"connectionReferences":{},"databaseReferences":{},"almMode":"Environment","performanceOptimizationEnabled":true,"canConsumeAppPass":true,"executionRestrictions":{"isTeamsOnly":false,"dataLossPreventionEvaluationResult":{"status":"Compliant","lastEvaluationDate":"2020-10-23T13:26:26.0708491Z","violationDetails":[]}}},"appType":"ClassicCanvasApp","appComponents":[]}}