{"schemaVersion":"1.0","appDefinitionTemplate":{"id":"/providers/Microsoft.PowerApps/apps/","type":"Microsoft.PowerApps/apps","tags":{"sp-site-id":"https://gtrailway.sharepoint.com/datahub","sp-list-id":"a6d46a5d-3c3e-40af-9461-02fadb6fb0ea","https://gtrailway.sharepoint.com/datahub":"a6d46a5d-3c3e-40af-9461-02fadb6fb0ea","primaryDeviceWidth":"640","primaryDeviceHeight":"1136","sienaVersion":"20201216T142220Z-3.20114.22.0","deviceCapabilities":"","supportsPortrait":"true","supportsLandscape":"false","primaryFormFactor":"Phone","publisherVersion":"3.20114.22","minimumRequiredApiVersion":"2.2.0","hasComponent":"false","hasUnlockedComponent":"false","isUnifiedRootApp":"false"},"properties":{"appVersion":"2020-12-16T14:22:20Z","lifeCycleId":"Published","createdByClientVersion":{"major":3,"minor":20114,"build":22,"revision":0,"majorRevision":0,"minorRevision":0},"minClientVersion":{"major":3,"minor":20114,"build":22,"revision":0,"majorRevision":0,"minorRevision":0},"backgroundColor":"rgba(0, 176, 240, 1)","backgroundImageUri":"/4126829608998260872/N62bb3d58-e2d8-4600-8e71-22ce6cab9d7a-logoSmallFile","displayName":"FSQ Zoono","description":"","commitMessage":"","appUris":{"documentUri":{"value":"/4126829608998260872/N70025c81-51eb-41a8-9176-7ac6832c3fc1-document.msapp"},"imageUris":[]},"createdTime":"0001-01-01T00:00:00Z","lastModifiedTime":"0001-01-01T00:00:00Z","sharedGroupsCount":0,"sharedUsersCount":0,"icons":{"smallIconUri":"/4126829608998260872/Nd09ed9fb-3dc9-4939-88b6-efc7642a58a2-small.png","mediumIconUri":"/4126829608998260872/Nda8b8509-6cd6-4d2c-97bd-b25726f6fdff-medium.png","largeIconUri":"/4126829608998260872/N6d3f335d-0f17-47f5-a4e8-de8b982c0052-large.png","wideIconUri":"/4126829608998260872/N288e001e-95f5-4dda-8a42-eb5101f145ca-wide.png"},"connectionReferences":{"8fd0fa2a-bd2e-4b63-8836-1a464cca511d":{"id":"0fc29404-fcb7-4565-a97d-12f242ea253e","displayName":"SharePoint","iconUri":"https://connectoricons-prod.azureedge.net/releases/v1.0.1419/1.0.1419.2242/sharepointonline/icon.png","dataSources":["ENG Zoono Works Orders","Train Zoono Records","EnhancedCabCleans"],"dependencies":[],"dependents":[],"parameterHints":{},"isOnPremiseConnection":false,"bypassConsent":false,"dataSets":{"https://gtrailway.sharepoint.com/datahub":{"dataSources":{"ENG Zoono Works Orders":{"tableName":"a6d46a5d-3c3e-40af-9461-02fadb6fb0ea"}}},"https://gtrailway.sharepoint.com/sites/GRP-AppDevelopmentPlayground/":{"dataSources":{"Train Zoono Records":{"tableName":"63fbecf3-1bb6-4499-804b-a97c37a638be"}}},"https://gtrailway.sharepoint.com/sites/GRP-AppDevelopmentPlayground":{"dataSources":{"EnhancedCabCleans":{"tableName":"a394ebc8-f4f9-476a-a769-dcc0085cb579"}}}},"apiTier":"Standard","isCustomApiConnection":false}},"databaseReferences":{},"almMode":"Environment","performanceOptimizationEnabled":true,"canConsumeAppPass":true,"executionRestrictions":{"isTeamsOnly":false,"dataLossPreventionEvaluationResult":{"status":"Compliant","lastEvaluationDate":"2020-10-23T13:26:26.0708491Z","violationDetails":[]}}},"isAppComponentLibrary":false,"appType":"ClassicCanvasApp","appComponents":[]}}