{"schemaVersion":"1.0","appDefinitionTemplate":{"id":"/providers/Microsoft.PowerApps/apps/","type":"Microsoft.PowerApps/apps","tags":{"sp-site-id":"https://gtrailway.sharepoint.com/datahub","sp-list-id":"a6d46a5d-3c3e-40af-9461-02fadb6fb0ea","https://gtrailway.sharepoint.com/datahub":"a6d46a5d-3c3e-40af-9461-02fadb6fb0ea","primaryDeviceWidth":"640","primaryDeviceHeight":"1136","sienaVersion":"20210107T113441Z-3.20122.13.0","deviceCapabilities":"","supportsPortrait":"true","supportsLandscape":"false","primaryFormFactor":"Phone","publisherVersion":"3.20122.13","minimumRequiredApiVersion":"2.2.0","hasComponent":"false","hasUnlockedComponent":"false","isUnifiedRootApp":"false"},"properties":{"appVersion":"2021-01-07T11:34:41Z","lifeCycleId":"Published","createdByClientVersion":{"major":3,"minor":20122,"build":13,"revision":0,"majorRevision":0,"minorRevision":0},"minClientVersion":{"major":3,"minor":20122,"build":13,"revision":0,"majorRevision":0,"minorRevision":0},"backgroundColor":"rgba(0, 176, 240, 1)","backgroundImageUri":"/11712091141081318790/N062fe83a-288f-42e6-847e-1317984f3623-logoSmallFile","displayName":"GTR Train & Location Cleaning Records","description":" Zoono anti-bacterial train and location cleaning records. Zoono stays active for up to 30 days protection on surfaces.","commitMessage":"","appUris":{"documentUri":{"value":"/11712091141081318790/N3262ac07-8614-468a-90d2-9f8c1ebdeea0-document.msapp"},"imageUris":[]},"createdTime":"0001-01-01T00:00:00Z","lastModifiedTime":"0001-01-01T00:00:00Z","sharedGroupsCount":0,"sharedUsersCount":0,"icons":{"smallIconUri":"/11712091141081318790/Nb46b1577-8f95-4649-9b9b-46e897939145-small.png","mediumIconUri":"/11712091141081318790/Nd87076ac-8f94-4dba-9793-77d0f8dc21a2-medium.png","largeIconUri":"/11712091141081318790/Nc968c5b6-5106-40f5-816a-052173d12b4c-large.png","wideIconUri":"/11712091141081318790/Nb7933ad1-03ab-4672-94d9-71f38b48e395-wide.png"},"connectionReferences":{"b87eaea9-5835-4586-9094-95cfcae3bde6":{"id":"0fc29404-fcb7-4565-a97d-12f242ea253e","displayName":"SharePoint","iconUri":"https://connectoricons-prod.azureedge.net/releases/v1.0.1426/1.0.1426.2268/sharepointonline/icon.png","dataSources":["ENG Zoono Works Orders","Train Zoono Records","GTRZoono","EnhancedCabCleans"],"dependencies":[],"dependents":[],"parameterHints":{},"isOnPremiseConnection":false,"bypassConsent":false,"dataSets":{"https://gtrailway.sharepoint.com/datahub":{"dataSources":{"ENG Zoono Works Orders":{"tableName":"a6d46a5d-3c3e-40af-9461-02fadb6fb0ea"}}},"https://gtrailway.sharepoint.com/sites/GRP-AppDevelopmentPlayground":{"dataSources":{"Train Zoono Records":{"tableName":"63fbecf3-1bb6-4499-804b-a97c37a638be"},"GTRZoono":{"tableName":"e62484f0-612b-4ba2-938c-b5a19ad8b46a"},"EnhancedCabCleans":{"tableName":"a394ebc8-f4f9-476a-a769-dcc0085cb579"}}}},"apiTier":"Standard","isCustomApiConnection":false},"5413a7d4-a107-4f23-8c74-24be2d2d9a8c":{"id":"2afaad36-8894-493c-b60f-df45fd5e84df","displayName":"Microsoft Teams","iconUri":"https://connectoricons-prod.azureedge.net/releases/v1.0.1425/1.0.1425.2266/teams/icon.png","dataSources":["MicrosoftTeams"],"dependencies":[],"dependents":[],"parameterHints":{},"isOnPremiseConnection":false,"bypassConsent":false,"dataSets":{},"apiTier":"Standard","isCustomApiConnection":false,"actions":["PostMessageToChannelV3","GetAllTeams","GetChannelsForGroup"]}},"databaseReferences":{},"almMode":"Environment","performanceOptimizationEnabled":true,"canConsumeAppPass":true,"executionRestrictions":{"isTeamsOnly":false,"dataLossPreventionEvaluationResult":{"status":"Compliant","lastEvaluationDate":"2020-10-29T14:12:04.080615Z","violationDetails":[]}}},"isAppComponentLibrary":false,"appType":"ClassicCanvasApp","appComponents":[]}}